firma,ansprechpartner,email,telefon,adresse,stadt,typ,status
Deutsche Immobilien Verwaltung GmbH,,info@d-iv.de,0621 4382-0,,Mannheim,hausverwaltung,pending
HUBER Wohnungseigentumsverwaltung,,info@huber-hausverwaltung-mannheim.de,0621 422720,Augustaanlage 38,Mannheim,hausverwaltung,pending
HVRN Hausverwaltung Rhein-Neckar,,info@hvrn.de,0621 121889390,,Mannheim,hausverwaltung,pending
Clemens & Foh,,kontakt@clemens-foh.de,,Rheinhäuser Straße 55,Mannheim,hausverwaltung,pending
Alpha Real Estate Group,,info@alpha-realestate.de,,Friedrichsplatz 8,Mannheim,hausverwaltung,pending
DOMEX Immobilien-Verwaltung GmbH,,info@domex-iv.de,0621 637481-0,,Mannheim,hausverwaltung,pending
Immobilienverwaltung Heino Mandt GmbH,,info@ma-iv.de,0621 126490,"C 1, 18",Mannheim,hausverwaltung,pending
Immobilienverwaltung Hohenstatt GmbH,,info@ivwh.de,0621 432968-0,,Mannheim,hausverwaltung,pending
Fair verwalten — Hausverwaltung Gans,,gans@fair-verwalten.de,0179-4889771,,Mannheim,hausverwaltung,pending
Prodomo Hausverwaltung GmbH,,info@prodomo-hausverwaltung.de,,Siegmund-Schuckert-Str. 5,Mannheim,hausverwaltung,pending
Haus & Grund Mannheim,,info@haus-und-grund-mannheim.de,,,Mannheim,hausverwaltung,pending
R.E. Immo GmbH,,info@re-immo.de,,,Mannheim,hausverwaltung,pending
ProMaG Hausverwaltung e.K.,,info@promag-online.de,,Dammweg 15,Heidelberg,hausverwaltung,pending
Heidelberger Hausverwaltung GmbH,,vrgoc@heidelberger-hausverwaltung.de,06221/974054,Konrad-Zuse-Ring 25,Heidelberg,hausverwaltung,pending
Die Immobilienverwalter,,heidelberg@die-immobilienverwalter.de,,Im Breitspiel 6a,Heidelberg,hausverwaltung,pending
Hausverwaltung Kraft,,info@hv-kraft.de,,Bergheimer Str. 147f,Heidelberg,hausverwaltung,pending
Gräfer Hausverwaltung GmbH,,info@graefer-hausverwaltung.de,06224-968997-0,,Leimen,hausverwaltung,pending
Hausverwaltung Minerva,,info@hv-minerva.de,06221/7282510,,Heidelberg,hausverwaltung,pending
GM Hausverwaltung GmbH,,info@gm-hv.de,0621 685897-0,Lagerhausstr. 59,Ludwigshafen,hausverwaltung,pending
Haus & Grund Ludwigshafen,,info@haus-und-grund-ludwigshafen.de,,,Ludwigshafen,hausverwaltung,pending
Holtz Hausverwaltung,,info@holtz-hausverwaltung.de,07222 4060100,,Ludwigshafen,hausverwaltung,pending
Krüger Hausverwaltung GmbH,,info@krueger-hausverwaltung-gmbh.de,06232 6913520,Viehtriftstraße 26,Römerberg,hausverwaltung,pending
Deigert Hausverwaltung GmbH,,hausverwaltung@deigert.de,06201/63463,Sigmund-Hirsch-Platz 13,Weinheim,hausverwaltung,pending
HMS Hausverwaltung,,kontakt@hms-hausverwaltung.de,06204 9319619,Ernst Reuter Allee 12a,Viernheim,hausverwaltung,pending
Hirsekorn Hausverwaltungen,,info@hirsekorn-hausverwaltungen.de,06201 258160,Alte Landstraße 23,Weinheim,hausverwaltung,pending
Hausverwaltung Benz und Dippold GmbH,,info@benzunddippold.de,,Wernher von Braun Str. 2,Viernheim,hausverwaltung,pending
PieKo Hausverwaltung GmbH,,info@pieko-hausverwaltung.de,06232 2981140,Wormser Landstraße 247,Speyer,hausverwaltung,pending
Weinschütz-Treuhand GmbH,,info@weinschuetz-treuhand.de,,Brunckstraße 11,Speyer,hausverwaltung,pending
Hausverwaltung Zorn,,i.zorn@hausverwaltung-zorn.de,06359 9611778,,Grünstadt,hausverwaltung,pending
Immobilienservice Pfalz,,info@immobilienservice-pfalz.de,,Karl-Räder-Str. 5,Haßloch,hausverwaltung,pending
Hausverwaltung + Immobilien RV GmbH,,info@rv-hausverwaltung.de,06256 8598290,Viernheimer Str. 61a,Lampertheim,hausverwaltung,pending
IVB Treuhand,,verwaltung@ivbtreuhand.de,06206 1859533,Biedensandstraße 56,Lampertheim,hausverwaltung,pending
HSM Hausverwaltung,,info@hsm-verwaltung.de,06222 9480360,Ortsstraße 7,Wiesloch,hausverwaltung,pending
Leimener Hausverwaltung,,info@leimener-hausverwaltung.de,06224 71669,,Leimen,hausverwaltung,pending
Riemenschneider & Friends,,info@riemaf.de,06203 9609292,Hirschberger Str. 6,Schriesheim,hausverwaltung,pending
Hausverwaltung Bukac-Mast,,info@hv-bukac.de,,,Leimen,hausverwaltung,pending
Hambrecht Hausverwaltung,,info@hambrecht-hausverwaltung.de,,Leopoldstr. 7,Sandhausen,hausverwaltung,pending
Hausverwaltung Krieg,,info@hausverwaltung-krieg.de,06241 97376-0,,Worms,hausverwaltung,pending
Pfalz Immobilienverwaltung,,info@pfalz-immobilienverwaltung.de,,,Schifferstadt,hausverwaltung,pending
HaImWo Verwaltungsgesellschaft mbH,,info@haimwo.de,,,Mannheim,hausverwaltung,pending
SKM Heidelberg Betreuungsverein,,betreuung-rnk@skm-heidelberg.de,06221 6026-85,Bergheimer Straße 108,Heidelberg,betreuer,pending
Kommunaler Betreuungsverein Mannheim e.V.,Toni Prasse,toni.prasse@mannheim.de,0621-293-2723,"K1, 7-13",Mannheim,betreuer,pending
AWO Betreuungsverein Vorderpfalz,,admin@awo-bv-lu.de,0621 5299320,Maxstr. 65,Ludwigshafen,betreuer,pending
Betreuungsverein Diakonie Ludwigshafen,,info@betreuungsverein-diakonie-lu.de,0621 685562-70,Kirchplatz 7,Ludwigshafen,betreuer,pending
Caritas-Zentrum Ludwigshafen,,caritas-zentrum.ludwigshafen@caritas-speyer.de,0621 598020,"Ludwigstraße 67-69",Ludwigshafen,betreuer,pending
Betreuungsbüro Kreutzenberger,,info@betreuungen-kreutzenberger.de,0162 7859296,Feuerbachstr. 16,Schwegenheim,betreuer,pending
Berufsbetreuer Thomas Gorny,,GornyBetreuung@web.de,06223-9733899,,Ludwigshafen,betreuer,pending
SkF Mannheim e.V. — Rechtliche Betreuung,,info@skf-mannheim.de,,"B 5, 20",Mannheim,betreuer,pending
Betreuungsbehörde Rhein-Neckar-Kreis,Tillmann Schönig,Betreuungsbehoerde@Rhein-Neckar-Kreis.de,06221 522-2500,Kurfürsten-Anlage 38-40,Heidelberg,betreuer,pending
Betreuungsbehörde Ludwigshafen,Uli Keinath,betreuungsbehoerde@ludwigshafen.de,0621 504-2715,,Ludwigshafen,betreuer,pending
